Date,Name,Year,Letterboxd URI,Rating
2022-08-17,Cinema Paradiso,1988,https://boxd.it/1UlA,5
2022-08-17,This Much I Know to Be True,2022,https://boxd.it/yVwU,4
2022-08-17,Spirited Away,2001,https://boxd.it/2b4m,5
2022-08-17,Call Me by Your Name,2017,https://boxd.it/dYmm,5
2022-08-17,Parasite,2019,https://boxd.it/hTha,5
2022-08-17,Akira,1988,https://boxd.it/2b1i,5
2022-08-17,Black Bird,2022,https://boxd.it/BCSe,4.5
2022-08-17,Doctor Strange in the Multiverse of Madness,2022,https://boxd.it/gaTc,2
2022-08-17,Fantastic Beasts: The Secrets of Dumbledore,2022,https://boxd.it/bg8Q,1
2022-08-17,RRR,2022,https://boxd.it/ljDs,4
2022-08-17,The Matrix Resurrections,2021,https://boxd.it/n87k,2
2022-08-17,Don't Look Up,2021,https://boxd.it/o0Hc,2.5
2022-08-17,Red Notice,2021,https://boxd.it/ixtq,1.5
2022-08-17,Eternals,2021,https://boxd.it/j36o,1
2022-08-17,Venom: Let There Be Carnage,2021,https://boxd.it/llco,1.5
2022-08-17,No Time to Die,2021,https://boxd.it/cPX2,3.5
2022-08-17,Squid Game,2021,https://boxd.it/x1OG,3.5
2022-08-17,Nothing to Laugh About,2021,https://boxd.it/woF6,4
2022-08-17,Shang-Chi and the Legend of the Ten Rings,2021,https://boxd.it/kLDI,0.5
2022-08-17,Free Guy,2021,https://boxd.it/k8dm,3
2022-08-17,Drive My Car,2021,https://boxd.it/sv94,5
2022-08-17,Luca,2021,https://boxd.it/ipjC,3.5
2022-08-17,Loki,2021,https://boxd.it/sbHg,2.5
2022-08-17,Army of the Dead,2021,https://boxd.it/ic7S,2
2022-08-17,The Mitchells vs. the Machines,2021,https://boxd.it/i7xm,4
2022-08-17,Mortal Kombat,2021,https://boxd.it/gswA,1.5
2022-08-17,The Falcon and the Winter Soldier,2021,https://boxd.it/sbH6,2
2022-08-17,Zack Snyder's Justice League,2021,https://boxd.it/tLOk,5
2022-08-17,Boss Level,2021,https://boxd.it/iAkw,3.5
2022-08-17,The Mole: Undercover in North Korea,2020,https://boxd.it/scR2,4.5
2022-08-17,Another Round,2020,https://boxd.it/lkba,4.5
2022-08-17,Tenet,2020,https://boxd.it/leq4,4
2022-08-17,Project Power,2020,https://boxd.it/ml8S,1.5
2022-08-17,Idiot Prayer: Nick Cave Alone at Alexandra Palace,2020,https://boxd.it/reRG,5
2022-08-17,#Alive,2020,https://boxd.it/mJl2,3.5
2022-08-17,The Old Guard,2020,https://boxd.it/jY2e,3
2022-08-17,Sonic the Hedgehog,2020,https://boxd.it/gdK8,2.5
2022-08-17,The Outsider,2020,https://boxd.it/oLTk,4
2022-08-17,Star Wars: The Rise of Skywalker,2019,https://boxd.it/5xlK,2
2022-08-17,1917,2019,https://boxd.it/jj4y,5
2022-08-17,The Gentlemen,2019,https://boxd.it/iYBQ,4
2022-08-17,6 Underground,2019,https://boxd.it/irU6,1
2022-08-17,Frozen II,2019,https://boxd.it/aPvo,2.5
2022-08-17,Doctor Sleep,2019,https://boxd.it/i5vI,3
2022-08-17,Watchmen,2019,https://boxd.it/ol5e,4.5
2022-08-17,El Camino: A Breaking Bad Movie,2019,https://boxd.it/kv0q,3
2022-08-17,Zombieland: Double Tap,2019,https://boxd.it/bgb6,1.5
2022-08-17,Gemini Man,2019,https://boxd.it/gaUu,1
2022-08-17,The Irishman,2019,https://boxd.it/dYOq,3.5
2022-08-17,The Platform,2019,https://boxd.it/mUm6,4
2022-08-17,Joker,2019,https://boxd.it/h4cS,4
2022-08-17,Ford v Ferrari,2019,https://boxd.it/ce74,4
2022-08-17,Scary Stories to Tell in the Dark,2019,https://boxd.it/eJTW,2
2022-08-17,Fast & Furious Presents: Hobbs & Shaw,2019,https://boxd.it/dnDA,1
2022-08-17,Spider-Man: Far From Home,2019,https://boxd.it/fegG,3
2022-08-17,Anna,2019,https://boxd.it/hqQq,3
2022-08-17,Toy Story 4,2019,https://boxd.it/9ALu,3
2022-08-17,Good Omens,2019,https://boxd.it/jUOI,3
2022-08-17,Once Upon a Time... in Hollywood,2019,https://boxd.it/gH0O,4.5
2022-08-17,The Dead Don't Die,2019,https://boxd.it/juZg,3
2022-08-17,John Wick: Chapter 3 – Parabellum,2019,https://boxd.it/gmFw,3.5
2022-08-17,Chernobyl,2019,https://boxd.it/mkbG,5
2022-08-17,Pokémon Detective Pikachu,2019,https://boxd.it/fVA0,3.5
2022-08-17,Avengers: Endgame,2019,https://boxd.it/9vE4,4
2022-08-17,Shazam!,2019,https://boxd.it/8WBu,2
2022-08-17,Captain Marvel,2019,https://boxd.it/9vSA,1
2022-08-17,Alita: Battle Angel,2019,https://boxd.it/e0rS,2.5
2022-08-17,Polar,2019,https://boxd.it/hoZg,3.5
2022-08-17,Apollo 11,2019,https://boxd.it/k4r0,5
2022-08-17,Magnus,2019,https://boxd.it/vjEq,3.5
2022-08-17,Checkered Ninja,2018,https://boxd.it/j15I,3
2022-08-17,Spider-Man: Into the Spider-Verse,2018,https://boxd.it/azpY,5
2022-08-17,Mortal Engines,2018,https://boxd.it/fahg,1.5
2022-08-17,Mandy,2018,https://boxd.it/gtti,4.5
2022-08-18,Aloners,2021,https://boxd.it/ujeK,3.5
2022-08-18,The Little Drummer Girl,2018,https://boxd.it/kkCS,4.5
2022-08-18,Bodyguard,2018,https://boxd.it/vC2U,4.5
2022-08-18,Ant-Man and the Wasp,2018,https://boxd.it/cqUW,1
2022-08-18,Arctic,2018,https://boxd.it/gc1Q,4
2022-08-18,Annihilation,2018,https://boxd.it/9yzm,4
2022-08-18,Isle of Dogs,2018,https://boxd.it/dZrW,4.5
2022-08-18,Justice League,2017,https://boxd.it/4w68,1.5
2022-08-18,Coco,2017,https://boxd.it/bYJQ,5
2022-08-18,Thor: Ragnarok,2017,https://boxd.it/8MHi,4.5
2022-08-18,Blade Runner 2049,2017,https://boxd.it/b8wK,5
2022-08-18,Jane,2017,https://boxd.it/gStC,4.5
2022-08-18,Loving Vincent,2017,https://boxd.it/biIQ,4.5
2022-08-18,Thelma,2017,https://boxd.it/e7Ce,4.5
2022-08-18,Baby Driver,2017,https://boxd.it/bhF2,4
2022-08-18,Get Out,2017,https://boxd.it/eOCm,5
2022-08-18,Rogue One: A Star Wars Story,2016,https://boxd.it/aPvy,4
2022-08-18,GANTZ:O,2016,https://boxd.it/dRTI,4.5
2022-08-18,Burning 2,2016,https://boxd.it/eJKU,1.5
2022-08-18,The Magnificent Seven,2016,https://boxd.it/aZAy,3
2022-08-18,La La Land,2016,https://boxd.it/a5fa,3.5
2022-08-18,The Night Manager,2016,https://boxd.it/dsfS,4.5
2022-08-18,The Fear of 13,2015,https://boxd.it/cIGI,4.5
2022-08-18,Circle,2015,https://boxd.it/b5So,4
2022-08-18,Nightcrawler,2014,https://boxd.it/780m,5
2022-08-18,The Grand Budapest Hotel,2014,https://boxd.it/3ZqO,5
2022-08-18,Detective Downs,2013,https://boxd.it/6zgY,4
2022-08-18,Percy Jackson: Sea of Monsters,2013,https://boxd.it/2D8m,1.5
2022-08-18,The Wolverine,2013,https://boxd.it/2CWU,3.5
2022-08-18,Django Unchained,2012,https://boxd.it/2cCk,5
2022-08-18,Les Misérables,2012,https://boxd.it/2TT4,5
2022-08-18,Dunkirk,2017,https://boxd.it/d0Y6,5
2022-08-19,Vegg Vegg Vegg,2022,https://boxd.it/B5dM,4.5
2022-08-19,The Pinchcliffe Grand Prix,1975,https://boxd.it/hJe6,5
2022-08-19,The Thing,1982,https://boxd.it/294O,5
2022-08-19,The Quake,2018,https://boxd.it/eGuk,1.5
2022-08-19,22 July,2018,https://boxd.it/h10E,2
2022-08-19,The Ballad of Buster Scruggs,2018,https://boxd.it/jB2q,3
2022-08-19,Christopher Robin,2018,https://boxd.it/eSj4,3
2022-08-19,The Man Who Killed Hitler and Then the Bigfoot,2018,https://boxd.it/jhd4,1.5
2022-08-19,Mission: Impossible – Fallout,2018,https://boxd.it/bSVc,2.5
2022-08-19,Jurassic World: Fallen Kingdom,2018,https://boxd.it/bOnU,0.5
2022-08-19,Incredibles 2,2018,https://boxd.it/7IPg,3
2022-08-19,Deadpool 2,2018,https://boxd.it/dlLM,3
2022-08-19,Solo: A Star Wars Story,2018,https://boxd.it/bGWs,2
2022-08-19,Avengers: Infinity War,2018,https://boxd.it/9vEe,3.5
2022-08-19,Batman Ninja,2018,https://boxd.it/hwle,2.5
2022-08-19,Ready Player One,2018,https://boxd.it/aZes,3
2022-08-19,Upgrade,2018,https://boxd.it/i4gW,4
2022-08-19,The Outsider,2018,https://boxd.it/6190,1
2022-08-19,Dead Man,1995,https://boxd.it/29h4,4.5
2022-08-19,Inglourious Basterds,2009,https://boxd.it/1JzG,5
2022-08-19,I Saw the Devil,2010,https://boxd.it/FaK,4.5
2022-08-19,NOKAS,2010,https://boxd.it/J8e,2.5
2022-08-19,In Time,2011,https://boxd.it/FPS,3.5
2022-08-19,American Reunion,2012,https://boxd.it/2qH4,2
2022-08-19,Tony Hawk: Until the Wheels Fall Off,2022,https://boxd.it/xg52,4
2022-08-19,The Tinder Swindler,2022,https://boxd.it/yMLw,2
2022-08-19,The Trip,2021,https://boxd.it/sAfm,2
2022-08-19,WandaVision,2021,https://boxd.it/sbGW,3
2022-08-19,The Trial of the Chicago 7,2020,https://boxd.it/kn3w,3.5
2022-08-19,His House,2020,https://boxd.it/l8Qq,2
2022-08-19,Aquaman,2018,https://boxd.it/9ru0,2.5
2022-08-19,Congo,2018,https://boxd.it/hiCK,3
2022-08-19,The Orderud Riddle,2018,https://boxd.it/ySMA,3
2022-08-19,Bad Times at the El Royale,2018,https://boxd.it/fSA2,3.5
2022-08-19,Venom,2018,https://boxd.it/b8wA,3
2022-08-19,The Haunting of Hill House,2018,https://boxd.it/kfJ0,4
2022-08-19,Black Panther,2018,https://boxd.it/8MHs,4
2022-08-19,Star Wars: The Last Jedi,2017,https://boxd.it/5xme,3
2022-08-19,The Snowman,2017,https://boxd.it/cVcc,1
2022-08-19,Gerald's Game,2017,https://boxd.it/buKa,2.5
2022-08-19,Kingsman: The Golden Circle,2017,https://boxd.it/buJm,2
2022-08-19,The Mummy,2017,https://boxd.it/8HnW,0.5
2022-08-19,King Arthur: Legend of the Sword,2017,https://boxd.it/8lDS,3
2022-08-19,Alien: Covenant,2017,https://boxd.it/49UY,2.5
2022-08-19,Logan,2017,https://boxd.it/7Piy,4
2022-08-19,Assassin's Creed,2016,https://boxd.it/41IK,1
2022-08-19,Planet Earth II,2016,https://boxd.it/eS8g,5
2022-08-19,The Lost City of Z,2016,https://boxd.it/a7jS,3
2022-08-19,Into the Inferno,2016,https://boxd.it/cfue,3.5
2022-08-19,The Legend of Tarzan,2016,https://boxd.it/7DUU,2
2022-08-19,Train to Busan,2016,https://boxd.it/dSQU,3
2022-08-19,My Scientology Movie,2015,https://boxd.it/cedw,3.5
2022-08-19,Louis Theroux: The Most Hated Family in America,2007,https://boxd.it/6AI,4
2022-08-19,Louis Theroux: America's Most Hated Family in Crisis,2011,https://boxd.it/6cxi,3.5
2022-08-19,Louis Theroux: Drinking to Oblivion,2016,https://boxd.it/dNuO,4
2022-08-19,Hot Girls Wanted,2015,https://boxd.it/aitE,3.5
2022-08-19,Avengers: Age of Ultron,2015,https://boxd.it/3qi6,2
2022-08-19,Kingsman: The Secret Service,2014,https://boxd.it/6dxe,4.5
2022-08-19,Ex Machina,2015,https://boxd.it/7T2k,5
2022-08-19,The Interview,2014,https://boxd.it/6KQ4,4
2022-08-19,Birdman or (The Unexpected Virtue of Ignorance),2014,https://boxd.it/5RFA,4.5
2022-08-19,Don Jon,2013,https://boxd.it/4sdk,3.5
2022-08-19,The Twilight Saga: Breaking Dawn – Part 2,2012,https://boxd.it/DdC,2.5
2022-08-19,Cloud Atlas,2012,https://boxd.it/2W60,4.5
2022-08-19,Wrath of the Titans,2012,https://boxd.it/nlU,2
2022-08-19,Drive,2011,https://boxd.it/IG,3.5
2022-08-19,Escape from New York,1981,https://boxd.it/294k,4
2022-08-19,The Worst Person in the World,2021,https://boxd.it/oyws,4.5
2022-08-20,X-Men: Apocalypse,2016,https://boxd.it/7eJi,1.5
2022-08-20,Batman v Superman: Dawn of Justice,2016,https://boxd.it/6fBW,2.5
2022-08-20,10 Cloverfield Lane,2016,https://boxd.it/aZiu,3.5
2022-08-20,Hardcore Henry,2015,https://boxd.it/aAIM,4
2022-08-20,Death Proof,2007,https://boxd.it/27GG,4
2022-08-20,Harakiri,1962,https://boxd.it/1NTU,5
2022-08-20,Prey,2022,https://boxd.it/sNBU,3.5
2022-08-20,The Empire Strikes Back,1980,https://boxd.it/27Vw,5
2022-08-21,Indiana Jones and the Last Crusade,1989,https://boxd.it/2baO,5
2022-08-21,Dead Poets Society,1989,https://boxd.it/2aSg,4
2022-08-21,The Hobbit: The Desolation of Smaug,2013,https://boxd.it/nmS,2
2022-08-21,The Hobbit: An Unexpected Journey,2012,https://boxd.it/GZk,3
2022-08-21,The Host,2006,https://boxd.it/28ZY,3
2022-08-21,Rushmore,1998,https://boxd.it/1TAO,3
2022-08-21,Warcraft,2016,https://boxd.it/2czK,1
2022-08-21,The Nice Guys,2016,https://boxd.it/94Hg,3.5
2022-08-21,Hotel Chevalier,2007,https://boxd.it/21Ic,3.5
2022-08-23,The Secret Life of Walter Mitty,2013,https://boxd.it/3SWy,4
2022-08-23,Amélie,2001,https://boxd.it/2aUc,4.5
2022-08-24,Eyes Wide Shut,1999,https://boxd.it/2axs,4
2022-08-24,The Last King,2016,https://boxd.it/cfLE,1.5
2022-08-24,31,2016,https://boxd.it/8NY0,2
2022-08-24,Marco Polo: One Hundred Eyes,2015,https://boxd.it/cWLi,2.5
2022-08-24,Making a Murderer,2015,https://boxd.it/i9Ta,3.5
2022-08-24,The Revenant,2015,https://boxd.it/8H5e,3
2022-08-24,Star Wars: The Force Awakens,2015,https://boxd.it/4vru,3.5
2022-08-24,The Hateful Eight,2015,https://boxd.it/8gw8,3.5
2022-08-24,In the Heart of the Sea,2015,https://boxd.it/6avY,3.5
2022-08-24,The Hunger Games: Mockingjay – Part 2,2015,https://boxd.it/4hk0,1
2022-08-24,Spectre,2015,https://boxd.it/6bXY,3.5
2022-08-24,The Martian,2015,https://boxd.it/8SeG,3
2022-08-24,Maze Runner: The Scorch Trials,2015,https://boxd.it/9hwA,1.5
2022-08-24,Black Mass,2015,https://boxd.it/7K2g,2
2022-08-24,Legend,2015,https://boxd.it/8qZY,3.5
2022-08-24,The Wave,2015,https://boxd.it/baoo,2
2022-08-24,Straight Outta Compton,2015,https://boxd.it/8rMc,3
2022-08-24,Fantastic Four,2015,https://boxd.it/5a9c,0.5
2022-08-24,Mission: Impossible – Rogue Nation,2015,https://boxd.it/5rI4,2
2022-08-24,Ant-Man,2015,https://boxd.it/3vmW,2
2022-08-24,Terminator Genisys,2015,https://boxd.it/35s0,0.5
2022-08-24,Entourage,2015,https://boxd.it/5Hki,1.5
2022-08-24,Hitman: Agent 47,2015,https://boxd.it/7iA0,1.5
2022-08-24,Jurassic World,2015,https://boxd.it/4n0g,1.5
2022-08-24,Love,2015,https://boxd.it/9brE,3.5
2022-08-24,Mad Max: Fury Road,2015,https://boxd.it/2DjO,4.5
2022-08-24,Dark Places,2015,https://boxd.it/5ylc,1.5
2022-08-24,Louis Theroux: Transgender Kids,2015,https://boxd.it/b2cO,3
2022-08-24,Furious 7,2015,https://boxd.it/5cVs,3
2022-08-24,Insurgent,2015,https://boxd.it/7NNa,1
2022-08-24,Project Almanac,2015,https://boxd.it/6IP4,2
2022-08-24,Going Clear: Scientology and the Prison of Belief,2015,https://boxd.it/ahPO,3.5
2022-08-24,Cobain: Montage of Heck,2015,https://boxd.it/akuY,4
2022-08-24,The Saboteurs,2015,https://boxd.it/bzA0,3.5
2022-08-24,Seventh Son,2014,https://boxd.it/2czq,1
2022-08-24,The Hobbit: The Battle of the Five Armies,2014,https://boxd.it/43aU,2
2022-08-24,American Sniper,2014,https://boxd.it/5LDy,2
2022-08-24,The Hunger Games: Mockingjay – Part 1,2014,https://boxd.it/4hka,2
2022-08-24,Big Hero 6,2014,https://boxd.it/5rje,3
2022-08-24,John Wick,2014,https://boxd.it/7dEc,4
2022-08-24,Annabelle,2014,https://boxd.it/7l84,1.5
2022-08-24,Gone Girl,2014,https://boxd.it/6hQu,3
2022-08-24,The Maze Runner,2014,https://boxd.it/5YPM,3
2022-08-24,The Theory of Everything,2014,https://boxd.it/7YtA,4
2022-08-24,Kill Me Three Times,2014,https://boxd.it/70g2,2
2022-08-24,The Imitation Game,2014,https://boxd.it/6aig,3
2022-08-24,Sin City: A Dame to Kill For,2014,https://boxd.it/2aV0,2.5
2022-08-24,"As Above, So Below",2014,https://boxd.it/7yui,3.5
2022-08-24,Let's Be Cops,2014,https://boxd.it/5Qvu,1.5
2022-08-24,The November Man,2014,https://boxd.it/7uYS,1.5
2022-08-24,Burnout,2014,https://boxd.it/8NaE,2
2022-08-24,Teenage Mutant Ninja Turtles,2014,https://boxd.it/3oAs,2.5
2022-08-24,Guardians of the Galaxy,2014,https://boxd.it/3VH2,4
2022-08-24,Lucy,2014,https://boxd.it/75hu,3
2022-08-24,Dawn of the Planet of the Apes,2014,https://boxd.it/3XyQ,3
2022-08-25,47 Ronin,2013,https://boxd.it/Jk,3
2022-08-25,Doctor Who: The Day of the Doctor,2013,https://boxd.it/a4Bk,4
2022-08-25,Frozen,2013,https://boxd.it/3GNa,2.5
2022-08-25,The Hunger Games: Catching Fire,2013,https://boxd.it/3sAw,2
2022-08-25,Thor: The Dark World,2013,https://boxd.it/2DqA,1
2022-08-25,Ender's Game,2013,https://boxd.it/2N9Y,2.5
2022-08-25,Jackass Presents: Bad Grandpa,2013,https://boxd.it/6e3u,1.5
2022-08-25,Captain Phillips,2013,https://boxd.it/3GPK,2
2022-08-25,Escape Plan,2013,https://boxd.it/3DX2,3
2022-08-25,Rush,2013,https://boxd.it/3lyS,4.5
2022-08-25,Riddick,2013,https://boxd.it/35Jq,3
2022-08-25,Prisoners,2013,https://boxd.it/4E5i,3.5
2022-08-25,Pioneer,2013,https://boxd.it/5d4u,2
2022-08-25,Gravity,2013,https://boxd.it/GZY,2.5
2022-08-25,We're the Millers,2013,https://boxd.it/4srQ,3
2022-08-25,Elysium,2013,https://boxd.it/2cBm,2
2022-08-25,Snowpiercer,2013,https://boxd.it/3Icg,3
2022-08-25,Kick-Ass 2,2013,https://boxd.it/hqu,2
2022-08-25,Pacific Rim,2013,https://boxd.it/2cB2,3
2022-08-25,The World's End,2013,https://boxd.it/3EiO,2
2022-08-25,The Lone Ranger,2013,https://boxd.it/ngU,2
2022-08-25,World War Z,2013,https://boxd.it/2p2E,3
2022-08-25,Man of Steel,2013,https://boxd.it/FRk,3.5
2022-08-25,Monsters University,2013,https://boxd.it/bQm,2
2022-08-25,This Is the End,2013,https://boxd.it/3GB4,3
2022-08-25,Now You See Me,2013,https://boxd.it/2Bsu,3.5
2022-08-25,The Hangover Part III,2013,https://boxd.it/3GNY,2.5
2022-08-25,Epic,2013,https://boxd.it/3SNm,1.5
2022-08-25,The Great Gatsby,2013,https://boxd.it/JY,3.5
2022-08-25,Fast & Furious 6,2013,https://boxd.it/2UG6,2.5
2022-08-25,Star Trek Into Darkness,2013,https://boxd.it/uYE,3
2022-08-25,Iron Man 3,2013,https://boxd.it/2cBQ,1
2022-08-25,Oblivion,2013,https://boxd.it/2Bzq,2
2022-08-25,G.I. Joe: Retaliation,2013,https://boxd.it/2o6A,1
2022-08-25,The Conjuring,2013,https://boxd.it/4sr2,4
2022-08-25,A Good Day to Die Hard,2013,https://boxd.it/JrK,0.5
2022-08-25,Parker,2013,https://boxd.it/3Xr6,2
2022-08-25,Hansel & Gretel: Witch Hunters,2013,https://boxd.it/gmw,2
2022-08-25,Gangster Squad,2013,https://boxd.it/2TVa,2
2022-08-25,"Batman: The Dark Knight Returns, Part 2",2013,https://boxd.it/4xzg,3.5
2022-08-26,In the Mood for Love,2000,https://boxd.it/29tE,3.5
2022-08-30,Castello Cavalcanti,2013,https://boxd.it/6WlM,3
2022-08-31,The Innocents,2021,https://boxd.it/oAlc,3.5
2022-08-31,Devilman Crybaby,2018,https://boxd.it/muwa,5
2022-09-05,Devilman - Volume 1: The Birth,1987,https://boxd.it/bV2,3
2022-09-06,One Fine Morning,2022,https://boxd.it/s4Ta,4.5
2022-09-06,My Neighbor Totoro,1988,https://boxd.it/20eA,5
2022-09-06,Kiki's Delivery Service,1989,https://boxd.it/1JAY,4.5
2022-09-06,Midnight in Paris,2011,https://boxd.it/i4a,4.5
2022-09-06,The Sorcerer's Apprentice,2010,https://boxd.it/1sGg,1.5
2022-09-06,Shutter Island,2010,https://boxd.it/1U82,3.5
2022-09-06,Memories of Murder,2003,https://boxd.it/1TSo,5
2022-09-06,Tremors,1990,https://boxd.it/1YSe,4
2022-09-07,mid90s,2018,https://boxd.it/fxIa,4.5
2022-09-07,The Great Dictator,1940,https://boxd.it/29ic,4.5
2022-09-14,The Conformist,1970,https://boxd.it/20cE,4
2022-09-14,Primer,2004,https://boxd.it/6YA,3
2022-09-14,Thor: Love and Thunder,2022,https://boxd.it/mMAY,4
2022-09-15,The Intouchables,2011,https://boxd.it/2FT0,5
2022-09-15,A Short Film About Love,1988,https://boxd.it/1jXC,4.5
2022-09-17,El Topo,1970,https://boxd.it/1QYS,4
2022-09-17,Good Time,2017,https://boxd.it/fcFu,4
2022-09-17,Moon,2009,https://boxd.it/1IGQ,4
2022-09-17,2001: A Space Odyssey,1968,https://boxd.it/2bf0,5
2022-09-18,Portrait of a Lady on Fire,2019,https://boxd.it/jkPq,5
2022-09-19,Mother,2009,https://boxd.it/1m9g,4.5
2022-09-24,The Lord of the Rings: The Fellowship of the Ring,2001,https://boxd.it/2b5O,5
2022-09-25,In Bruges,2008,https://boxd.it/20n8,4
2022-09-25,Uncharted,2022,https://boxd.it/b5Dy,1.5
2022-09-26,The Return of the Living Dead,1985,https://boxd.it/1V3W,4
2022-09-26,Mars Attacks!,1996,https://boxd.it/2bd4,3
2022-09-26,The Wolf of Wall Street,2013,https://boxd.it/3C1m,4
2022-09-26,Fantastic Mr. Fox,2009,https://boxd.it/1WyQ,5
2022-09-26,Captain America: The Winter Soldier,2014,https://boxd.it/3r58,3
2022-09-26,Jurassic Park,1993,https://boxd.it/2aA2,5
2022-09-26,Spider-Man,2002,https://boxd.it/2a8i,5
2022-09-26,Blade Runner,1982,https://boxd.it/2bcA,5
2022-09-26,Memento,2000,https://boxd.it/2bcK,4
2022-09-26,A Clockwork Orange,1971,https://boxd.it/2aVE,5
2022-09-26,The Incredibles,2004,https://boxd.it/1XLm,4
2022-09-26,Alien,1979,https://boxd.it/2awY,5
2022-09-26,The Lord of the Rings: The Two Towers,2002,https://boxd.it/2b5E,5
2022-09-26,Spider-Man 2,2004,https://boxd.it/2a88,5
2022-09-26,Lost in Translation,2003,https://boxd.it/2b0E,3
2022-09-26,"Monsters, Inc.",2001,https://boxd.it/2a46,4
2022-09-26,Catch Me If You Can,2002,https://boxd.it/29VS,4.5
2022-09-26,(500) Days of Summer,2009,https://boxd.it/1EmM,3.5
2022-09-26,Fargo,1996,https://boxd.it/2aHM,4
2022-09-26,The Big Lebowski,1998,https://boxd.it/2b6C,3
2022-09-26,Avatar,2009,https://boxd.it/1Efm,2.5
2022-09-26,Jaws,1975,https://boxd.it/2a5e,4
2022-09-26,Wonder Woman,2017,https://boxd.it/9roG,3
2022-09-26,Kill Bill: Vol. 2,2004,https://boxd.it/2au4,4.5
2022-09-26,The Hunger Games,2012,https://boxd.it/2uds,3
2022-09-26,The Amazing Spider-Man,2012,https://boxd.it/27PI,3.5
2022-09-26,Iron Man 2,2010,https://boxd.it/1WZM,2
2022-09-26,Star Wars: Episode I – The Phantom Menace,1999,https://boxd.it/27Vc,4
2022-09-26,Suicide Squad,2016,https://boxd.it/9row,1
2022-09-26,Edward Scissorhands,1990,https://boxd.it/2aZc,3.5
2022-09-26,Spider-Man 3,2007,https://boxd.it/2a7Y,3
2022-09-26,One Flew Over the Cuckoo's Nest,1975,https://boxd.it/2aeA,5
2022-09-26,Tangled,2010,https://boxd.it/15gO,3.5
2022-09-26,The Amazing Spider-Man 2,2014,https://boxd.it/3utM,2
2022-09-27,Sick of Myself,2022,https://boxd.it/tEzs,4
2022-09-30,Taxi Driver,1976,https://boxd.it/2b8y,5
2022-10-01,Blade,1998,https://boxd.it/1a8A,3.5
2022-10-03,Star Wars: Episode II – Attack of the Clones,2002,https://boxd.it/27V2,3
2022-10-06,The Kingdom,1994,https://boxd.it/1AZA,4
2022-10-07,Basic Instinct,1992,https://boxd.it/2asM,5
2022-10-07,L.A. Confidential,1997,https://boxd.it/27oC,4
2022-10-13,Deadpool,2016,https://boxd.it/9fOC,4
2022-10-14,Werewolf by Night,2022,https://boxd.it/xMrO,3
2022-10-21,Point Break,1991,https://boxd.it/2958,4
2022-10-21,Dogville,2003,https://boxd.it/2a8W,5
2022-11-03,The House That Jack Built,2018,https://boxd.it/dWO4,4.5
2022-11-03,Son of Saul,2015,https://boxd.it/b6r4,5
2022-11-03,The Lighthouse,2019,https://boxd.it/icFU,5
2022-11-06,Ghostbusters,1984,https://boxd.it/g2w,4.5
2022-11-06,Nymphomaniac: Vol. I,2013,https://boxd.it/7DiG,4.5
2022-11-07,It Chapter Two,2019,https://boxd.it/h10u,2
2022-11-07,It,2017,https://boxd.it/bC8e,3
2022-11-07,Atomic Blonde,2017,https://boxd.it/blDk,3.5
2022-11-07,Barbarian,2022,https://boxd.it/yohi,3
2022-11-07,Edge of Tomorrow,2014,https://boxd.it/4pD0,5
2022-11-08,Lost Highway,1997,https://boxd.it/29Wc,4
2022-11-09,The Kingdom II,1997,https://boxd.it/1AZq,3.5
2022-11-15,Irma Vep,1996,https://boxd.it/1vYs,4.5
2022-11-16,Chungking Express,1994,https://boxd.it/1UDa,4
2022-11-17,Fire of Love,2022,https://boxd.it/yoPY,5
2022-11-18,The Elephant Man,1980,https://boxd.it/27LQ,4
2022-11-24,Sexual Drive,2021,https://boxd.it/tgkI,2.5
2022-11-25,The Housemaid,1960,https://boxd.it/WJs,4
2022-11-26,Lady Vengeance,2005,https://boxd.it/248G,4.5
2022-11-26,Mad God,2021,https://boxd.it/vVPm,4
2022-11-26,Pan's Labyrinth,2006,https://boxd.it/28No,5
2022-11-26,Crimson Peak,2015,https://boxd.it/62Ty,3.5
2022-11-26,Cadaver,2020,https://boxd.it/pSAG,2.5
2022-11-26,Spies in Disguise,2019,https://boxd.it/fjf4,2.5
2022-11-27,The Sea Beast,2022,https://boxd.it/kv3a,3
2022-11-27,Ricky Gervais: SuperNature,2022,https://boxd.it/AKvK,2.5
2022-11-27,Jackass 4.5,2022,https://boxd.it/vfTm,2.5
2022-11-27,Louis Theroux: Shooting Joe Exotic,2021,https://boxd.it/uFcc,3
2022-11-27,Outside the Wire,2021,https://boxd.it/taq6,1.5
2022-11-27,Borat Subsequent Moviefilm,2020,https://boxd.it/rNS0,2
2022-11-27,Dracula,2020,https://boxd.it/ozuM,1.5
2022-11-27,Louis Theroux: Surviving America’s Most Hated Family,2019,https://boxd.it/mIIk,4
2022-11-27,When They See Us,2019,https://boxd.it/kbJU,4
2022-11-27,Batman vs Teenage Mutant Ninja Turtles,2019,https://boxd.it/loT6,3
2022-11-27,Our Planet,2019,https://boxd.it/mwuq,3.5
2022-11-27,"Love, Death & Robots: Three Robots",2019,https://boxd.it/lECK,3.5
2022-11-27,"Love, Death & Robots: Sonnie's Edge",2019,https://boxd.it/lECg,4
2022-11-27,"Love, Death & Robots: Zima Blue",2019,https://boxd.it/lJGM,4
2022-11-27,"Love, Death & Robots: When the Yogurt Took Over",2019,https://boxd.it/lFSY,3
2022-11-27,"Love, Death & Robots: Good Hunting",2019,https://boxd.it/lJFO,3.5
2022-11-27,Triple Frontier,2019,https://boxd.it/dZUO,1.5
2022-11-27,Ralph Breaks the Internet,2018,https://boxd.it/edAy,3
2022-11-27,The Girl in the Spider's Web,2018,https://boxd.it/fUtW,1.5
2022-11-27,Johnny English Strikes Again,2018,https://boxd.it/gzGW,2.5
2022-11-27,James Acaster: Repertoire,2018,https://boxd.it/iFXy,5
2022-11-27,Ricky Gervais: Humanity,2018,https://boxd.it/ipiO,3
2022-11-27,Utøya: July 22,2018,https://boxd.it/i3a4,2.5
2022-11-27,12 Strong,2018,https://boxd.it/fdnc,2
2022-11-27,Batman: Gotham by Gaslight,2018,https://boxd.it/gU7e,2.5
2022-11-27,The 12th Man,2017,https://boxd.it/fsH2,2.5
2022-11-27,Jumanji: Welcome to the Jungle,2017,https://boxd.it/bUeE,2
2022-11-27,Murder on the Orient Express,2017,https://boxd.it/dHjA,3.5
2022-11-27,Downsizing,2017,https://boxd.it/9Ajq,1.5
2022-11-27,The Death of Stalin,2017,https://boxd.it/ea9Y,2.5
2022-11-27,War for the Planet of the Apes,2017,https://boxd.it/8FE2,3
2022-11-27,Spider-Man: Homecoming,2017,https://boxd.it/aboM,4
2022-11-27,Transformers: The Last Knight,2017,https://boxd.it/b8xo,1
2022-11-27,Pirates of the Caribbean: Dead Men Tell No Tales,2017,https://boxd.it/5a9m,2
2022-11-27,Guardians of the Galaxy Vol. 2,2017,https://boxd.it/8MxC,3
2022-11-27,The Fate of the Furious,2017,https://boxd.it/bbCw,1.5
2022-11-27,Life,2017,https://boxd.it/dRqG,4
2022-11-27,The Work,2017,https://boxd.it/fzso,4.5
2022-11-27,Kong: Skull Island,2017,https://boxd.it/9ewM,1
2022-11-27,Beauty and the Beast,2017,https://boxd.it/ar0c,2
2022-11-27,John Wick: Chapter 2,2017,https://boxd.it/ayGu,3
2022-11-27,xXx: Return of Xander Cage,2017,https://boxd.it/JqC,1.5
2022-11-27,Valkyrien,2017,https://boxd.it/uNEe,3
2022-11-27,The Great Wall,2016,https://boxd.it/a04c,0.5
2022-11-27,Silence,2016,https://boxd.it/2cAo,3.5
2022-11-27,Doctor Strange,2016,https://boxd.it/8MH8,4
2022-11-27,Michael Moore in TrumpLand,2016,https://boxd.it/eUJI,3
2022-11-27,Moana,2016,https://boxd.it/8tfY,3
2022-11-27,Inferno,2016,https://boxd.it/6dMS,3
2022-11-27,Louis Theroux: Savile,2016,https://boxd.it/eNTm,3
2022-11-27,Masterminds,2016,https://boxd.it/6mTe,2
2022-11-27,Split,2016,https://boxd.it/dgSy,2
2022-11-27,Nobel,2016,https://boxd.it/nHZw,2
2022-11-27,The Girl on the Train,2016,https://boxd.it/bCJY,2.5
2022-11-27,Sing,2016,https://boxd.it/b5EQ,1.5
2022-11-27,Amanda Knox,2016,https://boxd.it/etNS,1.5
2022-11-27,Voyage of Time: The IMAX Experience,2016,https://boxd.it/eJjO,3
2022-11-27,Before the Flood,2016,https://boxd.it/et2W,3
2022-11-27,Mechanic: Resurrection,2016,https://boxd.it/8wj0,3
2022-11-27,David Brent: Life on the Road,2016,https://boxd.it/bitQ,3
2022-11-27,Star Trek Beyond,2016,https://boxd.it/5Ik4,2.5
2022-11-27,Marauders,2016,https://boxd.it/cdA0,1.5
2022-11-27,The Purge: Election Year,2016,https://boxd.it/ae5I,2
2022-11-27,Finding Dory,2016,https://boxd.it/4aAA,2.5
2022-11-27,Now You See Me 2,2016,https://boxd.it/99fw,3.5
2022-11-27,The Conjuring 2,2016,https://boxd.it/7GJg,3
2022-11-27,Bastille Day,2016,https://boxd.it/aZYK,3
2022-11-27,Captain America: Civil War,2016,https://boxd.it/89Ja,2.5
2022-11-27,The Jungle Book,2016,https://boxd.it/8wjk,2
2022-11-27,Sausage Party,2016,https://boxd.it/6CCe,2
2022-11-27,Sherlock: The Abominable Bride,2016,https://boxd.it/dbTQ,3.5
2022-11-27,Sherlock: The Final Problem,2017,https://boxd.it/fl5A,4
2022-11-27,Sherlock: The Lying Detective,2017,https://boxd.it/uBH6,4
2022-11-27,Sherlock: A Study in Pink,2010,https://boxd.it/mueU,4.5
2022-11-27,Sherlock: The Great Game,2010,https://boxd.it/mwRa,4
2022-11-27,Sherlock: The Blind Banker,2010,https://boxd.it/mwHY,4
2022-11-27,Sherlock: The Hounds of Baskerville,2012,https://boxd.it/mwHu,4.5
2022-11-27,Sherlock: His Last Vow,2014,https://boxd.it/wls4,4
2022-11-27,22 Jump Street,2014,https://boxd.it/5Fvy,3.5
2022-11-27,Maleficent,2014,https://boxd.it/3v1u,2
2022-11-27,A Million Ways to Die in the West,2014,https://boxd.it/5H9k,1
2022-11-27,How to Train Your Dragon 2,2014,https://boxd.it/2TRW,2.5
2022-11-27,X-Men: Days of Future Past,2014,https://boxd.it/4aRw,1
2022-11-27,Godzilla,2014,https://boxd.it/47OE,3
2022-11-27,Brick Mansions,2014,https://boxd.it/7tNu,2
2022-11-27,Transcendence,2014,https://boxd.it/4VSQ,2
2022-11-27,Divergent,2014,https://boxd.it/4VT0,1.5
2022-11-27,Cosmos,2014,https://boxd.it/J34E,4
2022-11-27,Neighbors,2014,https://boxd.it/5Txe,2
2022-11-27,Noah,2014,https://boxd.it/34QA,1
2022-11-27,Need for Speed,2014,https://boxd.it/4p90,1.5
2022-11-27,300: Rise of an Empire,2014,https://boxd.it/xaC,2
2022-11-27,3 Days to Kill,2014,https://boxd.it/5Ntq,2
2022-11-27,The Lego Movie,2014,https://boxd.it/4pDO,4
2022-11-27,Fleming,2014,https://boxd.it/dIUM,3
2022-11-27,Non-Stop,2014,https://boxd.it/6FtO,2
2022-11-27,The Monuments Men,2014,https://boxd.it/4OxQ,3
2022-11-27,The Babadook,2014,https://boxd.it/77xu,3
2022-11-27,Jack Ryan: Shadow Recruit,2014,https://boxd.it/4pFq,2
2022-11-27,Kill Buljo 2,2013,https://boxd.it/7fMM,3
2022-11-27,The Man with the Iron Fists,2012,https://boxd.it/3mMm,3
2022-11-27,Wreck-It Ralph,2012,https://boxd.it/2TTS,3.5
2022-11-27,Life of Pi,2012,https://boxd.it/37pC,4
2022-11-27,Taken 2,2012,https://boxd.it/2TWi,2
2022-11-27,Upside Down,2012,https://boxd.it/kOY,3
2022-11-27,Looper,2012,https://boxd.it/ham,3.5
2022-11-27,Marvel One-Shot: Item 47,2012,https://boxd.it/3XMy,2.5
2022-11-27,Resident Evil: Retribution,2012,https://boxd.it/2qmK,2
2022-11-27,Lawless,2012,https://boxd.it/2TIK,3.5
2022-11-27,Kon-Tiki,2012,https://boxd.it/2sX4,3.5
2022-11-27,"Batman: The Dark Knight Returns, Part 1",2012,https://boxd.it/43Is,3.5
2022-11-27,The Bourne Legacy,2012,https://boxd.it/H16,1
2022-11-27,The Expendables 2,2012,https://boxd.it/2CPE,2
2022-11-27,Total Recall,2012,https://boxd.it/Ro,4
2022-11-27,Louis Theroux: Twilight of the Porn Stars,2012,https://boxd.it/3QeO,3.5
2022-11-27,Prometheus,2012,https://boxd.it/2s9e,3
2022-11-27,The Hunt,2012,https://boxd.it/3wEC,4
2022-11-27,Antoine and Colette,1962,https://boxd.it/2aKQ,3
2022-11-27,Pokémon: The First Movie,1998,https://boxd.it/1WLA,4
2022-11-27,Pokémon the Movie 2000,1999,https://boxd.it/1RBU,3.5
2022-11-27,Pokémon 3: The Movie,2000,https://boxd.it/1UUA,3.5
2022-11-27,Pokémon 4Ever,2001,https://boxd.it/1RBK,3
2022-11-27,Pokémon Heroes,2002,https://boxd.it/1eHE,3
2022-11-28,Like Someone in Love,2012,https://boxd.it/3tOu,3.5
2022-11-29,X-Men Origins: Wolverine,2009,https://boxd.it/27ug,4
2022-11-29,Ran,1985,https://boxd.it/1Tlu,4
2022-11-29,The Gray Man,2022,https://boxd.it/rb7q,2
2022-11-29,Tarzan,1999,https://boxd.it/18YO,4.5
2022-11-30,Sympathy for Mr. Vengeance,2002,https://boxd.it/23WU,4.5
2022-12-01,Silence,2018,https://boxd.it/jiGw,4
2022-12-01,The Northman,2022,https://boxd.it/nK2s,4
2022-12-02,Pig,2021,https://boxd.it/nzoW,3.5
2022-12-03,Troll,2022,https://boxd.it/rDsQ,1
2022-12-05,Berserk,1997,https://boxd.it/pzgM,5
2022-12-06,Death Note,2006,https://boxd.it/psEs,5
2022-12-07,Nausicaä of the Valley of the Wind,1984,https://boxd.it/2bc6,4.5
2022-12-08,Judgement,1999,https://boxd.it/17p4,3.5
2022-12-08,The Imaginarium of Doctor Parnassus,2009,https://boxd.it/20DA,3.5
2022-12-08,Exodus: Gods and Kings,2014,https://boxd.it/4FV0,2
2022-12-10,Everything Everywhere All at Once,2022,https://boxd.it/jUk4,4
2022-12-11,Black Mirror: Bandersnatch,2018,https://boxd.it/kTDG,2
2022-12-11,Black Mirror: Playtest,2016,https://boxd.it/hRR6,4
2022-12-11,Guillermo del Toro's Pinocchio,2022,https://boxd.it/kjMW,4
2022-12-11,Minority Report,2002,https://boxd.it/2aWi,4.5
2022-12-12,V for Vendetta,2005,https://boxd.it/29Ik,4
2022-12-12,Harry Potter and the Philosopher's Stone,2001,https://boxd.it/29QS,5
2022-12-12,TRON: Legacy,2010,https://boxd.it/1Dlo,2.5
2022-12-18,Harry Potter and the Goblet of Fire,2005,https://boxd.it/29Qo,3
2022-12-20,Black Adam,2022,https://boxd.it/fup0,3
2022-12-24,Louis & Luca and the Snow Machine,2013,https://boxd.it/6NuA,3
2022-12-24,Glass Onion,2022,https://boxd.it/oCkK,3.5
2022-12-31,John - The Last Cowboy,2021,https://boxd.it/xvh8,4
2023-01-16,Everybody Hates Johan,2022,https://boxd.it/s89K,3.5
2023-01-17,The Witch,2015,https://boxd.it/9X0m,4
2023-01-18,Morbius,2022,https://boxd.it/j978,2.5
2023-01-18,Face/Off,1997,https://boxd.it/29I0,4
2023-01-21,Monster,2003,https://boxd.it/2afy,3.5
2023-01-22,Babylon,2022,https://boxd.it/mM02,3.5
2023-01-23,Bones and All,2022,https://boxd.it/tLd4,3
2023-01-24,Stoker,2013,https://boxd.it/34S2,3.5
2023-01-25,Yojimbo,1961,https://boxd.it/1SRY,4.5
2023-01-25,The Raid 2,2014,https://boxd.it/5uz0,4
2023-01-25,Fearless,2006,https://boxd.it/20Qa,4
2023-01-25,Planet Terror,2007,https://boxd.it/27Gw,2
2023-01-25,Thirst,2009,https://boxd.it/1Aqq,3
2023-01-26,Night Ride,2020,https://boxd.it/qNos,2
2023-01-26,Le Trou,1960,https://boxd.it/1nSw,5
2023-01-26,Forgotten,2017,https://boxd.it/hAJE,2
2023-01-27,Superdupermegagigasingel,2022,https://boxd.it/CWk4,4
2023-01-31,The Call,2020,https://boxd.it/l94W,3
2023-02-02,Munch,2023,https://boxd.it/BKVg,4
2023-02-03,Paprika,2006,https://boxd.it/23wW,4
2023-02-06,"Ronia, the Robber's Daughter",1984,https://boxd.it/2aIq,4
2023-02-06,The Brothers Lionheart,1977,https://boxd.it/1Udm,4
2023-02-06,Miracle in Milan,1951,https://boxd.it/UD8,4
2023-02-06,Suspiria,2018,https://boxd.it/cioI,2
2023-02-07,A Human Position,2022,https://boxd.it/yOeu,4
2023-02-09,"The Good, the Bad, the Weird",2008,https://boxd.it/1MSG,2.5
2023-02-13,The Menu,2022,https://boxd.it/lScm,3.5
2023-02-13,Black Panther: Wakanda Forever,2022,https://boxd.it/igPu,2
2023-02-20,Battle Royale,2000,https://boxd.it/25zS,5
2023-03-06,Let Me In,2010,https://boxd.it/Zsa,4
2023-03-10,Dogtooth,2009,https://boxd.it/158K,5
2023-03-12,The Hunger,2017,https://boxd.it/hfA2,3.5
2023-03-13,Luther: The Fallen Sun,2023,https://boxd.it/r3t4,2
2023-03-20,The Staggering Girl,2019,https://boxd.it/kxou,2.5
2023-03-21,Kill Bill: Vol. 1,2003,https://boxd.it/70w,5
2023-03-23,The Godfather,1972,https://boxd.it/2aNK,5
2023-03-24,Skyfall,2012,https://boxd.it/17Fc,5
2023-03-25,Scott Pilgrim vs. the World,2010,https://boxd.it/1Aq6,4.5
2023-03-30,Joint Security Area,2000,https://boxd.it/26Ja,4.5
2023-03-30,Shin Godzilla,2016,https://boxd.it/a9lm,3.5
2023-03-30,"Go, Go Second Time Virgin",1969,https://boxd.it/2dkc,4
2023-03-30,Vertigo,1958,https://boxd.it/2apI,3.5
2023-03-30,The Banshees of Inisherin,2022,https://boxd.it/p7XS,4
2023-03-30,The Age of Shadows,2016,https://boxd.it/cruq,3.5
2023-04-04,Groundhog Day,1993,https://boxd.it/2b3e,4.5
2023-04-10,Olsenbanden - Siste skrik!,2022,https://boxd.it/BdBC,0.5
2023-04-13,The Favourite,2018,https://boxd.it/d2hI,4.5
2023-04-13,Teenage Mutant Ninja Turtles,1990,https://boxd.it/28FY,3.5
2023-04-14,The Green Knight,2021,https://boxd.it/kuy2,4
2023-04-16,Kopps,2003,https://boxd.it/1Z8Q,5
2023-04-16,30 Minutes or Less,2011,https://boxd.it/bRa,2
2023-04-16,"South Park: Bigger, Longer & Uncut",1999,https://boxd.it/1YAO,4
2023-04-17,Zodiac,2007,https://boxd.it/27MO,3
2023-04-25,Full Metal Jacket,1987,https://boxd.it/2a1Q,5
2023-04-27,Pirates of the Caribbean: The Curse of the Black Pearl,2003,https://boxd.it/70G,3
2023-04-27,Varg Veum - The Writing on the Wall,2010,https://boxd.it/F7m,1.5
2023-04-27,Varg Veum - Buried Dogs,2008,https://boxd.it/1HGg,2.5
2023-04-27,Varg Veum - Woman in the Fridge,2008,https://boxd.it/1E0w,3
2023-04-27,Varg Veum - Fallen Angels,2008,https://boxd.it/1L6m,2.5
2023-04-27,Varg Veum - Yours Until Death,2008,https://boxd.it/1E0m,2
2023-04-27,Varg Veum - Bitter Flowers,2007,https://boxd.it/1JMU,2.5
2023-04-27,Varg Veum - Sleeping Beauty,2008,https://boxd.it/1JN4,3
2023-05-11,The Lobster,2015,https://boxd.it/7tnw,5
2023-05-19,The Super Mario Bros. Movie,2023,https://boxd.it/i8C8,3.5
2023-05-25,Troll Hunter,2010,https://boxd.it/NQY,4
2023-05-30,Arrival,2016,https://boxd.it/aNGk,3.5
2023-05-30,Naked,1993,https://boxd.it/1BT4,5
2023-06-14,The Red Turtle,2016,https://boxd.it/bdkE,4
2023-06-14,Princess Mononoke,1997,https://boxd.it/2b4w,4.5
2023-06-20,Black Mirror: Beyond the Sea,2023,https://boxd.it/H7QI,2.5
2023-06-27,Léon: The Professional,1994,https://boxd.it/2b8S,3
2023-07-03,Asteroid City,2023,https://boxd.it/s3ds,4
2023-07-10,Hereditary,2018,https://boxd.it/hNVe,3.5
2023-07-12,Howl's Moving Castle,2004,https://boxd.it/23De,4.5
2023-07-14,Big Mood,2020,https://boxd.it/pxJs,4
2023-07-14,Mission: Impossible,1996,https://boxd.it/29d2,4.5
2023-07-14,Mission: Impossible II,2000,https://boxd.it/29cS,3.5
2023-07-15,The French Dispatch,2021,https://boxd.it/jLP8,4
2023-07-17,Nope,2022,https://boxd.it/sDCe,2
2023-07-17,Spider-Man: No Way Home,2021,https://boxd.it/nwRw,2.5
2023-07-18,Pulp Fiction,1994,https://boxd.it/29Pq,5
2023-07-20,Ghost Rider,2007,https://boxd.it/290M,2
2023-07-27,Eternal Sunshine of the Spotless Mind,2004,https://boxd.it/6YK,3.5
2023-08-01,The Girl with the Dragon Tattoo,2009,https://boxd.it/1Mb8,3.5
2023-08-02,The Killing of a Sacred Deer,2017,https://boxd.it/dZ5G,4
2023-08-06,Elling,2001,https://boxd.it/22cc,5
2023-08-08,Guardians of the Galaxy Vol. 3,2023,https://boxd.it/fVNI,3.5
2023-08-08,Brother Bear,2003,https://boxd.it/1Xjs,4.5
2023-08-11,Oppenheimer,2023,https://boxd.it/wUow,4
2023-08-14,Heart of Stone,2023,https://boxd.it/r91A,1
2023-08-14,Dark City,1998,https://boxd.it/26uk,4
2023-08-16,What We Do in the Shadows,2014,https://boxd.it/7eQy,4
2023-08-16,Operation Fortune: Ruse de Guerre,2023,https://boxd.it/rJXA,2
2023-08-16,Three Colours: Blue,1993,https://boxd.it/2b7K,3.5
2023-08-21,Idiocracy,2006,https://boxd.it/20RW,2.5
2023-08-21,Avatar: The Way of Water,2022,https://boxd.it/2E2E,4
2023-08-22,The Addiction,1995,https://boxd.it/1cZQ,3.5
2023-08-23,Dungeons & Dragons: Honor Among Thieves,2023,https://boxd.it/hN1A,4
2023-08-28,The Flash,2023,https://boxd.it/9twC,2
2023-08-31,Tits,2023,https://boxd.it/Ghcc,4.5
2023-08-31,What Creeps Out at Night,2023,https://boxd.it/IpHw,4.5
2023-09-01,"Oslo, August 31st",2011,https://boxd.it/2xQC,5
2023-09-01,Solen etter Passasjen,2023,https://boxd.it/Ikry,4
2023-09-12,Puss in Boots: The Last Wish,2022,https://boxd.it/aaie,4
2023-09-12,Dr. Strangelove or: How I Learned to Stop Worrying and Love the Bomb,1964,https://boxd.it/29eY,4.5
2023-09-14,John Wick: Chapter 4,2023,https://boxd.it/mh48,3
2023-09-14,Indiana Jones and the Dial of Destiny,2023,https://boxd.it/b8vM,2.5
2023-09-14,The Godfather Part II,1974,https://boxd.it/2aNq,5
2023-09-14,Kubrick by Kubrick,2020,https://boxd.it/pKXi,3
2023-09-16,The Love Witch,2016,https://boxd.it/cZie,4
2023-10-02,The Woman in Black,2012,https://boxd.it/4wu,3
2023-10-07,Meg 2: The Trench,2023,https://boxd.it/mLvo,1
2023-10-12,The Shining,1980,https://boxd.it/29Nu,4.5
2023-10-13,Batman Begins,2005,https://boxd.it/2aIg,3.5
2023-10-15,The Dark Knight Rises,2012,https://boxd.it/H3m,3
2023-10-16,Seven Beauties,1975,https://boxd.it/185a,4.5
2023-10-18,The Batman,2022,https://boxd.it/eDGs,4.5
2023-10-19,The Abyss,1989,https://boxd.it/26mK,4
2023-10-23,The Dark Knight,2008,https://boxd.it/2b0k,3.5
2023-10-23,Mary Shelley's Frankenstein,1994,https://boxd.it/25T4,2
2023-10-23,Watcher,2022,https://boxd.it/uocO,2.5
2023-10-25,Himiko,1974,https://boxd.it/34d4,4
2023-10-25,The Graduate,1967,https://boxd.it/18Im,4.5
2023-10-27,Victoria,2015,https://boxd.it/amSe,5
2023-10-27,Killers of the Flower Moon,2023,https://boxd.it/gHp0,4.5
2023-10-28,Shrek,2001,https://boxd.it/29zi,4.5
2023-10-28,Shrek 2,2004,https://boxd.it/29z8,4
2023-10-30,The Fall of the House of Usher,2023,https://boxd.it/IWYg,3
2023-11-03,The Village,2004,https://boxd.it/21iS,4.5
2023-11-06,Knives Out,2019,https://boxd.it/jWEA,4.5
2023-11-06,Inside Out,2015,https://boxd.it/4KHC,4
2023-11-06,Monty Python and the Holy Grail,1975,https://boxd.it/29GI,4
2023-11-06,Castle in the Sky,1986,https://boxd.it/1W4G,4.5
2023-11-06,The Goonies,1985,https://boxd.it/1YVC,4.5
2023-11-06,The Beatles: Get Back,2021,https://boxd.it/xo7A,4.5
2023-11-06,Fullmetal Alchemist: Brotherhood,2009,https://boxd.it/ptii,4.5
2023-11-06,Kaizers Orchestra - Siste Dans,2013,https://boxd.it/6Lmk,4
2023-11-06,Up,2009,https://boxd.it/1OEc,4.5
2023-11-06,Apocalypse Now,1979,https://boxd.it/6ZS,5
2023-11-06,The Tragedy of Macbeth,2021,https://boxd.it/lMi4,2
2023-11-07,Alps,2011,https://boxd.it/2RHg,3.5
2023-11-07,Teenage Mutant Ninja Turtles: Mutant Mayhem,2023,https://boxd.it/mK0a,3
2023-11-08,Paths of Glory,1957,https://boxd.it/29b6,4.5
2023-11-13,The Boy and the Heron,2023,https://boxd.it/ipeM,4.5
2023-11-13,The Killer,2023,https://boxd.it/u6WE,2.5
2023-11-14,Cure,1997,https://boxd.it/1blA,4.5
2023-11-15,Signs,2002,https://boxd.it/26t2,4
2023-11-17,The Creator,2023,https://boxd.it/oXWq,2.5
2023-11-18,Rain Man,1988,https://boxd.it/2avw,3
2023-11-20,THX 1138,1971,https://boxd.it/29Ww,4
2023-11-20,Mission: Impossible – Dead Reckoning,2023,https://boxd.it/l7zS,2.5
2023-11-26,Home Alone 3,1997,https://boxd.it/1XZ4,4
2023-11-29,Interstellar,2014,https://boxd.it/4VZ8,4.5
2023-11-29,Doctor Who: The Star Beast,2023,https://boxd.it/HDIc,0.5
2023-11-30,A Haunting in Venice,2023,https://boxd.it/zGdg,1
2023-12-02,Harry Potter and the Chamber of Secrets,2002,https://boxd.it/29QI,5
2023-12-04,Godzilla Minus One,2023,https://boxd.it/zu4c,5
2023-12-04,Tales from Earthsea,2006,https://boxd.it/17ae,2
2023-12-12,Spider-Man: Across the Spider-Verse,2023,https://boxd.it/kSz4,4
2023-12-12,Persona,1966,https://boxd.it/29B4,5
2023-12-12,Fanny and Alexander,1982,https://boxd.it/22go,4.5
2023-12-14,Europa,1991,https://boxd.it/1ZfM,3
2023-12-14,The Wailing,2016,https://boxd.it/9fLy,4
2023-12-18,Triangle of Sadness,2022,https://boxd.it/hXlq,2
2023-12-19,Oldboy,2003,https://boxd.it/29R2,4.5
2023-12-21,The Seventh Seal,1957,https://boxd.it/2ahO,2.5
2023-12-22,Silenced,2011,https://boxd.it/2QGG,3
2023-12-26,Sonic the Hedgehog 2,2022,https://boxd.it/pb8O,1.5
2023-12-26,Saltburn,2023,https://boxd.it/z4eg,4
2023-12-27,Melancholia,2011,https://boxd.it/bPI,4.5
2023-12-30,Nymphomaniac: Vol. II,2013,https://boxd.it/7j9Y,4
2023-12-30,Ricky Gervais: Armageddon,2023,https://boxd.it/JQgE,3.5
2023-12-31,Rebel Moon – Part One: A Child of Fire,2023,https://boxd.it/w0qc,1.5
2023-12-31,American Psycho,2000,https://boxd.it/28Vs,5
2024-01-01,How to Have Sex,2023,https://boxd.it/EFIM,4
2024-01-03,Leave the World Behind,2023,https://boxd.it/re0i,1.5
2024-01-03,Reprise,2006,https://boxd.it/1Sji,4
2024-01-04,BLUE EYE SAMURAI,2023,https://boxd.it/JH9k,5
2024-01-08,Dream Scenario,2023,https://boxd.it/v2h0,3
2024-01-10,Burning,2018,https://boxd.it/hHUa,5
2024-01-15,Antichrist,2009,https://boxd.it/1Inu,2
2024-01-15,"A Girl, She Is 100%",1983,https://boxd.it/7DL4,4
2024-01-15,Attack on a Bakery,1982,https://boxd.it/2uMs,3
2024-01-17,Poor Things,2023,https://boxd.it/tNWU,5
2024-01-19,Decision to Leave,2022,https://boxd.it/qp9e,4
2024-01-23,Fallen Angels,1995,https://boxd.it/1UkW,4.5
2024-02-02,I Hired a Contract Killer,1990,https://boxd.it/20J4,4
2024-02-03,The Man Without a Past,2002,https://boxd.it/212g,3.5
2024-02-04,Woman in the Dunes,1964,https://boxd.it/1JNS,5
2024-02-09,A Short Film About Killing,1988,https://boxd.it/1VtK,3.5
2024-02-10,Cowspiracy: The Sustainability Secret,2014,https://boxd.it/8I92,4
2024-02-10,13th,2016,https://boxd.it/elNg,4
2024-02-10,Grizzly Man,2005,https://boxd.it/2ag2,4
2024-02-10,The Ivory Game,2016,https://boxd.it/etZY,4
2024-02-10,Catfish,2010,https://boxd.it/Xfy,4
2024-02-10,Mommy Dead and Dearest,2017,https://boxd.it/fzs4,4
2024-02-10,Jim & Andy: The Great Beyond,2017,https://boxd.it/gO36,4
2024-02-10,Unrest,2017,https://boxd.it/fmoo,4
2024-02-10,Blackfish,2013,https://boxd.it/4Ym4,4.5
2024-02-10,O.J.: Made in America,2016,https://boxd.it/d7zi,4.5
2024-02-10,Wild Wild Country,2018,https://boxd.it/j1P2,4
2024-02-10,Evil Genius,2018,https://boxd.it/j57y,4.5
2024-02-10,Under an Arctic Sky,2017,https://boxd.it/gObO,3
2024-02-10,Bjarne Hates the Camera,2018,https://boxd.it/iUlu,3.5
2024-02-10,Free Solo,2018,https://boxd.it/iEEq,4
2024-02-10,Human,2015,https://boxd.it/cchc,4.5
2024-02-10,The Salt of the Earth,2014,https://boxd.it/7Uyc,4
2024-02-10,Stutz,2022,https://boxd.it/u5li,3
2024-02-12,Past Lives,2023,https://boxd.it/oNB8,4.5
2024-02-16,The Handmaiden,2016,https://boxd.it/948A,5
2024-02-22,The Scent of Green Papaya,1993,https://boxd.it/1EWq,4
2024-02-22,Monster,2023,https://boxd.it/DJEM,5
2024-02-23,Cape Fear,1991,https://boxd.it/28vu,2
2024-03-01,Dune: Part Two,2024,https://boxd.it/pUfA,4.5
2024-03-02,Return to Seoul,2022,https://boxd.it/zXDg,3.5
2024-03-02,The Hidden Fortress,1958,https://boxd.it/295M,3.5
2024-03-03,Dune,2021,https://boxd.it/fA7G,5
2024-03-06,Casino Royale,2006,https://boxd.it/1alk,4
2024-04-19,The Talented Mr. Ripley,1999,https://boxd.it/2924,4.5
2024-04-30,Purple Noon,1960,https://boxd.it/1WrU,4
2024-05-23,Midsommar,2019,https://boxd.it/jhxe,4.5
2024-05-28,The Beast,1975,https://boxd.it/SIA,3
2024-06-10,Her,2013,https://boxd.it/4O24,4
2024-06-12,The Gullspång Miracle,2023,https://boxd.it/Gbg8,2
2024-06-21,Three Colours: Red,1994,https://boxd.it/2b7q,3
2024-06-27,Suzume,2022,https://boxd.it/yv7Y,4.5
2024-06-27,Your Name.,2016,https://boxd.it/cUqs,4
2024-07-05,Belle,2021,https://boxd.it/tbEe,3.5
2024-07-05,The Garden of Words,2013,https://boxd.it/5Ymq,3
2024-07-27,August in the Water,1995,https://boxd.it/3xQE,4
2024-07-27,Mysterious Skin,2004,https://boxd.it/1UsG,3.5
2024-07-27,Dark Woods,2003,https://boxd.it/10g0,2.5
2024-07-28,Is Now a Good Time?,2024,https://boxd.it/GVaK,2.5
2024-08-05,Jackie Brown,1997,https://boxd.it/2aVO,3
2024-08-05,Le Samouraï,1967,https://boxd.it/22ZI,4.5
2024-08-10,Cosmopolis,2012,https://boxd.it/H4O,4
2024-08-15,Iron Man,2008,https://boxd.it/28dA,3
2024-08-17,Furiosa: A Mad Max Saga,2024,https://boxd.it/tABk,2.5
2024-08-20,Hercules,1997,https://boxd.it/1SDW,4
2024-08-20,The Lion King,1994,https://boxd.it/201Q,4
2024-08-23,Mother's Elling,2003,https://boxd.it/1Utu,2
2024-08-23,Junk Mail,1997,https://boxd.it/1dEk,4.5
2024-09-02,King of Devil's Island,2010,https://boxd.it/2mqS,3.5
2024-09-03,A New Kind of Wilderness,2024,https://boxd.it/JSss,3
2024-09-13,Alien: Romulus,2024,https://boxd.it/zGqO,2
2024-09-13,Kinds of Kindness,2024,https://boxd.it/CWPw,2
2024-09-13,Hiroshima Mon Amour,1959,https://boxd.it/22WY,3.5
2024-09-15,Uncut Gems,2019,https://boxd.it/gXGc,3.5
2024-09-19,The Iron Claw,2023,https://boxd.it/w5Pm,3
2024-09-23,Raiders of the Lost Ark,1981,https://boxd.it/2bbs,4
2024-09-30,The Iron Giant,1999,https://boxd.it/1Wow,4.5
2024-10-01,Wanted,2008,https://boxd.it/1ZBS,3
2024-10-01,Inside Out 2,2024,https://boxd.it/CFrC,3.5
2024-10-03,Wolfs,2024,https://boxd.it/x6zG,2.5
2024-10-03,Evil,2003,https://boxd.it/1UoE,3
2024-10-06,Salem's Lot,2024,https://boxd.it/sqU0,2
2024-10-06,The Platform 2,2024,https://boxd.it/Gz88,2.5
2024-10-07,The Match Factory Girl,1990,https://boxd.it/20Je,4
2024-10-08,Juha,1999,https://boxd.it/sfW,2.5
2024-10-12,A Pigeon Sat on a Branch Reflecting on Existence,2014,https://boxd.it/3Ifa,4
2024-10-14,Ponyo,2008,https://boxd.it/1S0A,4
2024-10-14,Kurt Turns Evil,2009,https://boxd.it/1L2Y,3
2024-10-15,Adam's Apples,2005,https://boxd.it/297e,3.5
2024-10-16,Challengers,2024,https://boxd.it/zld0,3
2024-10-29,Sex,2024,https://boxd.it/KFok,3.5
2024-10-31,In Order of Disappearance,2014,https://boxd.it/7pCW,3
2024-10-31,Perfect Blue,1997,https://boxd.it/1W7A,4.5
2024-11-02,Comet in Moominland,1992,https://boxd.it/2umE,4
2024-11-06,Deadpool & Wolverine,2024,https://boxd.it/jq8s,2.5
2024-11-11,Gladiator,2000,https://boxd.it/2b9m,4
2024-11-16,Balls,2010,https://boxd.it/1h3W,3.5
2024-11-16,Longlegs,2024,https://boxd.it/KzLM,2.5
2024-11-20,The Wind Rises,2013,https://boxd.it/4JQS,3
2024-11-21,Evil Does Not Exist,2023,https://boxd.it/HJrc,3.5
2024-11-22,The Five Obstructions,2003,https://boxd.it/1RWy,3
2024-11-25,The Suicide Squad,2021,https://boxd.it/fw6O,4
2024-11-25,Antz,1998,https://boxd.it/1ZB4,4
2024-12-09,Klaus,2019,https://boxd.it/ipoi,4
2024-12-10,The City of Lost Children,1995,https://boxd.it/29k8,3.5
2024-12-11,Harry Potter and the Prisoner of Azkaban,2004,https://boxd.it/29Qy,4
2024-12-15,Return to Oz,1985,https://boxd.it/1QHM,4
2024-12-16,The Lord of the Rings: The Return of the King,2003,https://boxd.it/2b5u,4.5
2024-12-19,Harry Potter and the Half-Blood Prince,2009,https://boxd.it/29FU,3
2024-12-23,Star Wars,1977,https://boxd.it/72s,3
2024-12-23,Harry Potter and the Order of the Phoenix,2007,https://boxd.it/29Qe,2
2024-12-23,The Nightmare Before Christmas,1993,https://boxd.it/1YzQ,4.5
2024-12-23,Harry Potter and the Deathly Hallows: Part 1,2010,https://boxd.it/1RYu,2
2024-12-23,Harry Potter and the Deathly Hallows: Part 2,2011,https://boxd.it/1RYk,1.5
2024-12-30,A Grand Day Out,1989,https://boxd.it/2acu,4.5
2024-12-30,The Wrong Trousers,1993,https://boxd.it/2ack,3.5
2024-12-31,Fantastic Beasts and Where to Find Them,2016,https://boxd.it/7FPC,3
2024-12-31,Louis & Luca: Mission to the Moon,2018,https://boxd.it/fNNg,3
2024-12-31,Fantastic Beasts: The Crimes of Grindelwald,2018,https://boxd.it/bg8G,1.5
2025-01-02,The Fifth Element,1997,https://boxd.it/71k,4.5
2025-01-02,Finding Nemo,2003,https://boxd.it/72i,4
2025-01-06,Hayao Miyazaki and the Heron,2024,https://boxd.it/Njam,4
2025-01-06,The Crimson Wing: Mystery of the Flamingos,2008,https://boxd.it/1ajo,3.5
2025-01-08,Bram Stoker's Dracula,1992,https://boxd.it/223a,4
2025-01-13,Perfect Days,2023,https://boxd.it/ATh8,4.5
2025-01-14,Napoleon Dynamite,2004,https://boxd.it/20wu,4
2025-01-14,Mr. Nobody,2009,https://boxd.it/1k44,2.5
2025-01-14,Little Miss Sunshine,2006,https://boxd.it/29EW,3.5
2025-01-14,Romeo + Juliet,1996,https://boxd.it/2ama,3
2025-01-22,Ghost in the Shell,1995,https://boxd.it/1YYc,4
2025-01-22,Letters to Håkon Banken,2024,https://boxd.it/Lkj6,2
2025-01-22,Sweeney Todd: The Demon Barber of Fleet Street,2007,https://boxd.it/1PcS,3
2025-01-29,The Day of the Jackal,2024,https://boxd.it/Rr4a,4.5
2025-02-01,You Really Got Me,2001,https://boxd.it/2RKO,4
2025-02-01,Nosferatu,2024,https://boxd.it/f5eG,2.5
